"Country or Area","Year","Area","Sex","Age","Record Type","Reliability","Source Year","Value","Value Footnotes"
"United States of America","2015","Total","Both Sexes","Total","Estimate - de jure","Final figure, complete","2016","321418820","1,2"
"United States of America","2015","Total","Both Sexes","0","Estimate - de jure","Final figure, complete","2016","3978038","1,2"
"United States of America","2015","Total","Both Sexes","0 - 4","Estimate - de jure","Final figure, complete","2016","19907281","1,2"
"United States of America","2015","Total","Both Sexes","1","Estimate - de jure","Final figure, complete","2016","3968564","1,2"
"United States of America","2015","Total","Both Sexes","1 - 4","Estimate - de jure","Final figure, complete","2016","15929243","1,2"
"United States of America","2015","Total","Both Sexes","2","Estimate - de jure","Final figure, complete","2016","3966583","1,2"
"United States of America","2015","Total","Both Sexes","3","Estimate - de jure","Final figure, complete","2016","3974061","1,2"
"United States of America","2015","Total","Both Sexes","4","Estimate - de jure","Final figure, complete","2016","4020035","1,2"
"United States of America","2015","Total","Both Sexes","5","Estimate - de jure","Final figure, complete","2016","4018158","1,2"
"United States of America","2015","Total","Both Sexes","5 - 9","Estimate - de jure","Final figure, complete","2016","20487176","1,2"
"United States of America","2015","Total","Both Sexes","6","Estimate - de jure","Final figure, complete","2016","4019207","1,2"
"United States of America","2015","Total","Both Sexes","7","Estimate - de jure","Final figure, complete","2016","4148360","1,2"
"United States of America","2015","Total","Both Sexes","8","Estimate - de jure","Final figure, complete","2016","4167887","1,2"
"United States of America","2015","Total","Both Sexes","9","Estimate - de jure","Final figure, complete","2016","4133564","1,2"
"United States of America","2015","Total","Both Sexes","10","Estimate - de jure","Final figure, complete","2016","4121289","1,2"
"United States of America","2015","Total","Both Sexes","10 - 14","Estimate - de jure","Final figure, complete","2016","20622330","1,2"
"United States of America","2015","Total","Both Sexes","11","Estimate - de jure","Final figure, complete","2016","4130328","1,2"
"United States of America","2015","Total","Both Sexes","12","Estimate - de jure","Final figure, complete","2016","4101021","1,2"
"United States of America","2015","Total","Both Sexes","13","Estimate - de jure","Final figure, complete","2016","4084306","1,2"
"United States of America","2015","Total","Both Sexes","14","Estimate - de jure","Final figure, complete","2016","4185386","1,2"
"United States of America","2015","Total","Both Sexes","15","Estimate - de jure","Final figure, complete","2016","4249742","1,2"
"United States of America","2015","Total","Both Sexes","15 - 19","Estimate - de jure","Final figure, complete","2016","21108903","1,2"
"United States of America","2015","Total","Both Sexes","16","Estimate - de jure","Final figure, complete","2016","4184296","1,2"
"United States of America","2015","Total","Both Sexes","17","Estimate - de jure","Final figure, complete","2016","4194286","1,2"
"United States of America","2015","Total","Both Sexes","18","Estimate - de jure","Final figure, complete","2016","4217995","1,2"
"United States of America","2015","Total","Both Sexes","19","Estimate - de jure","Final figure, complete","2016","4262584","1,2"
"United States of America","2015","Total","Both Sexes","20","Estimate - de jure","Final figure, complete","2016","4363440","1,2"
"United States of America","2015","Total","Both Sexes","20 - 24","Estimate - de jure","Final figure, complete","2016","22739313","1,2"
"United States of America","2015","Total","Both Sexes","21","Estimate - de jure","Final figure, complete","2016","4456790","1,2"
"United States of America","2015","Total","Both Sexes","22","Estimate - de jure","Final figure, complete","2016","4529472","1,2"
"United States of America","2015","Total","Both Sexes","23","Estimate - de jure","Final figure, complete","2016","4652266","1,2"
"United States of America","2015","Total","Both Sexes","24","Estimate - de jure","Final figure, complete","2016","4737345","1,2"
"United States of America","2015","Total","Both Sexes","25","Estimate - de jure","Final figure, complete","2016","4729564","1,2"
"United States of America","2015","Total","Both Sexes","25 - 29","Estimate - de jure","Final figure, complete","2016","22461554","1,2"
"United States of America","2015","Total","Both Sexes","26","Estimate - de jure","Final figure, complete","2016","4544416","1,2"
"United States of America","2015","Total","Both Sexes","27","Estimate - de jure","Final figure, complete","2016","4439766","1,2"
"United States of America","2015","Total","Both Sexes","28","Estimate - de jure","Final figure, complete","2016","4364669","1,2"
"United States of America","2015","Total","Both Sexes","29","Estimate - de jure","Final figure, complete","2016","4383139","1,2"
"United States of America","2015","Total","Both Sexes","30","Estimate - de jure","Final figure, complete","2016","4417209","1,2"
"United States of America","2015","Total","Both Sexes","30 - 34","Estimate - de jure","Final figure, complete","2016","21675648","1,2"
"United States of America","2015","Total","Both Sexes","31","Estimate - de jure","Final figure, complete","2016","4278233","1,2"
"United States of America","2015","Total","Both Sexes","32","Estimate - de jure","Final figure, complete","2016","4343614","1,2"
"United States of America","2015","Total","Both Sexes","33","Estimate - de jure","Final figure, complete","2016","4341754","1,2"
"United States of America","2015","Total","Both Sexes","34","Estimate - de jure","Final figure, complete","2016","4294838","1,2"
"United States of America","2015","Total","Both Sexes","35","Estimate - de jure","Final figure, complete","2016","4379404","1,2"
"United States of America","2015","Total","Both Sexes","35 - 39","Estimate - de jure","Final figure, complete","2016","20374585","1,2"
"United States of America","2015","Total","Both Sexes","36","Estimate - de jure","Final figure, complete","2016","4108775","1,2"
"United States of America","2015","Total","Both Sexes","37","Estimate - de jure","Final figure, complete","2016","4028403","1,2"
"United States of America","2015","Total","Both Sexes","38","Estimate - de jure","Final figure, complete","2016","3987141","1,2"
"United States of America","2015","Total","Both Sexes","39","Estimate - de jure","Final figure, complete","2016","3870862","1,2"
"United States of America","2015","Total","Both Sexes","40","Estimate - de jure","Final figure, complete","2016","3989839","1,2"
"United States of America","2015","Total","Both Sexes","40 - 44","Estimate - de jure","Final figure, complete","2016","20215198","1,2"
"United States of America","2015","Total","Both Sexes","41","Estimate - de jure","Final figure, complete","2016","3865228","1,2"
"United States of America","2015","Total","Both Sexes","42","Estimate - de jure","Final figure, complete","2016","3924258","1,2"
"United States of America","2015","Total","Both Sexes","43","Estimate - de jure","Final figure, complete","2016","4100708","1,2"
"United States of America","2015","Total","Both Sexes","44","Estimate - de jure","Final figure, complete","2016","4335165","1,2"
"United States of America","2015","Total","Both Sexes","45","Estimate - de jure","Final figure, complete","2016","4389345","1,2"
"United States of America","2015","Total","Both Sexes","45 - 49","Estimate - de jure","Final figure, complete","2016","20853844","1,2"
"United States of America","2015","Total","Both Sexes","46","Estimate - de jure","Final figure, complete","2016","4160573","1,2"
"United States of America","2015","Total","Both Sexes","47","Estimate - de jure","Final figure, complete","2016","4073685","1,2"
"United States of America","2015","Total","Both Sexes","48","Estimate - de jure","Final figure, complete","2016","4077689","1,2"
"United States of America","2015","Total","Both Sexes","49","Estimate - de jure","Final figure, complete","2016","4152552","1,2"
"United States of America","2015","Total","Both Sexes","50","Estimate - de jure","Final figure, complete","2016","4400288","1,2"
"United States of America","2015","Total","Both Sexes","50 - 54","Estimate - de jure","Final figure, complete","2016","22334317","1,2"
"United States of America","2015","Total","Both Sexes","51","Estimate - de jure","Final figure, complete","2016","4479664","1,2"
"United States of America","2015","Total","Both Sexes","52","Estimate - de jure","Final figure, complete","2016","4474344","1,2"
"United States of America","2015","Total","Both Sexes","53","Estimate - de jure","Final figure, complete","2016","4463494","1,2"
"United States of America","2015","Total","Both Sexes","54","Estimate - de jure","Final figure, complete","2016","4516527","1,2"
"United States of America","2015","Total","Both Sexes","55","Estimate - de jure","Final figure, complete","2016","4553385","1,2"
"United States of America","2015","Total","Both Sexes","55 - 59","Estimate - de jure","Final figure, complete","2016","21807942","1,2"
"United States of America","2015","Total","Both Sexes","56","Estimate - de jure","Final figure, complete","2016","4399120","1,2"
"United States of America","2015","Total","Both Sexes","57","Estimate - de jure","Final figure, complete","2016","4371245","1,2"
"United States of America","2015","Total","Both Sexes","58","Estimate - de jure","Final figure, complete","2016","4320522","1,2"
"United States of America","2015","Total","Both Sexes","59","Estimate - de jure","Final figure, complete","2016","4163670","1,2"
"United States of America","2015","Total","Both Sexes","60","Estimate - de jure","Final figure, complete","2016","4125792","1,2"
"United States of America","2015","Total","Both Sexes","60 - 64","Estimate - de jure","Final figure, complete","2016","19069877","1,2"
"United States of America","2015","Total","Both Sexes","61","Estimate - de jure","Final figure, complete","2016","3954601","1,2"
"United States of America","2015","Total","Both Sexes","62","Estimate - de jure","Final figure, complete","2016","3801935","1,2"
"United States of America","2015","Total","Both Sexes","63","Estimate - de jure","Final figure, complete","2016","3651393","1,2"
"United States of America","2015","Total","Both Sexes","64","Estimate - de jure","Final figure, complete","2016","3536156","1,2"
"United States of America","2015","Total","Both Sexes","65","Estimate - de jure","Final figure, complete","2016","3450043","1,2"
"United States of America","2015","Total","Both Sexes","65 - 69","Estimate - de jure","Final figure, complete","2016","16067468","1,2"
"United States of America","2015","Total","Both Sexes","66","Estimate - de jure","Final figure, complete","2016","3344134","1,2"
"United States of America","2015","Total","Both Sexes","67","Estimate - de jure","Final figure, complete","2016","3304187","1,2"
"United States of America","2015","Total","Both Sexes","68","Estimate - de jure","Final figure, complete","2016","3436357","1,2"
"United States of America","2015","Total","Both Sexes","69","Estimate - de jure","Final figure, complete","2016","2532747","1,2"
"United States of America","2015","Total","Both Sexes","70","Estimate - de jure","Final figure, complete","2016","2492490","1,2"
"United States of America","2015","Total","Both Sexes","70 - 74","Estimate - de jure","Final figure, complete","2016","11483049","1,2"
"United States of America","2015","Total","Both Sexes","71","Estimate - de jure","Final figure, complete","2016","2421191","1,2"
"United States of America","2015","Total","Both Sexes","72","Estimate - de jure","Final figure, complete","2016","2469605","1,2"
"United States of America","2015","Total","Both Sexes","73","Estimate - de jure","Final figure, complete","2016","2146052","1,2"
"United States of America","2015","Total","Both Sexes","74","Estimate - de jure","Final figure, complete","2016","1953711","1,2"
"United States of America","2015","Total","Both Sexes","75","Estimate - de jure","Final figure, complete","2016","1839823","1,2"
"United States of America","2015","Total","Both Sexes","75 - 79","Estimate - de jure","Final figure, complete","2016","8123833","1,2"
"United States of America","2015","Total","Both Sexes","76","Estimate - de jure","Final figure, complete","2016","1722041","1,2"
"United States of America","2015","Total","Both Sexes","77","Estimate - de jure","Final figure, complete","2016","1639085","1,2"
"United States of America","2015","Total","Both Sexes","78","Estimate - de jure","Final figure, complete","2016","1500813","1,2"
"United States of America","2015","Total","Both Sexes","79","Estimate - de jure","Final figure, complete","2016","1422071","1,2"
"United States of America","2015","Total","Both Sexes","80","Estimate - de jure","Final figure, complete","2016","1351196","1,2"
"United States of America","2015","Total","Both Sexes","80 - 84","Estimate - de jure","Final figure, complete","2016","5799341","1,2"
"United States of America","2015","Total","Both Sexes","81","Estimate - de jure","Final figure, complete","2016","1201044","1,2"
"United States of America","2015","Total","Both Sexes","82","Estimate - de jure","Final figure, complete","2016","1148948","1,2"
"United States of America","2015","Total","Both Sexes","83","Estimate - de jure","Final figure, complete","2016","1082562","1,2"
"United States of America","2015","Total","Both Sexes","84","Estimate - de jure","Final figure, complete","2016","1015591","1,2"
"United States of America","2015","Total","Both Sexes","85","Estimate - de jure","Final figure, complete","2016","957023","1,2"
"United States of America","2015","Total","Both Sexes","85 - 89","Estimate - de jure","Final figure, complete","2016","3864345","1,2"
"United States of America","2015","Total","Both Sexes","86","Estimate - de jure","Final figure, complete","2016","846081","1,2"
"United States of America","2015","Total","Both Sexes","87","Estimate - de jure","Final figure, complete","2016","774639","1,2"
"United States of America","2015","Total","Both Sexes","88","Estimate - de jure","Final figure, complete","2016","689755","1,2"
"United States of America","2015","Total","Both Sexes","89","Estimate - de jure","Final figure, complete","2016","596847","1,2"
"United States of America","2015","Total","Both Sexes","90","Estimate - de jure","Final figure, complete","2016","523034","1,2"
"United States of America","2015","Total","Both Sexes","90 - 94","Estimate - de jure","Final figure, complete","2016","1850935","1,2"
"United States of America","2015","Total","Both Sexes","91","Estimate - de jure","Final figure, complete","2016","440318","1,2"
"United States of America","2015","Total","Both Sexes","92","Estimate - de jure","Final figure, complete","2016","360659","1,2"
"United States of America","2015","Total","Both Sexes","93","Estimate - de jure","Final figure, complete","2016","293806","1,2"
"United States of America","2015","Total","Both Sexes","94","Estimate - de jure","Final figure, complete","2016","233118","1,2"
"United States of America","2015","Total","Both Sexes","95","Estimate - de jure","Final figure, complete","2016","174011","1,2"
"United States of America","2015","Total","Both Sexes","95 - 99","Estimate - de jure","Final figure, complete","2016","494907","1,2"
"United States of America","2015","Total","Both Sexes","96","Estimate - de jure","Final figure, complete","2016","122887","1,2"
"United States of America","2015","Total","Both Sexes","97","Estimate - de jure","Final figure, complete","2016","92377","1,2"
"United States of America","2015","Total","Both Sexes","98","Estimate - de jure","Final figure, complete","2016","61991","1,2"
"United States of America","2015","Total","Both Sexes","99","Estimate - de jure","Final figure, complete","2016","43641","1,2"
"United States of America","2015","Total","Both Sexes","100 +","Estimate - de jure","Final figure, complete","2016","76974","1,2"
"United States of America","2015","Total","Male","Total","Estimate - de jure","Final figure, complete","2016","158229297","1,2"
"United States of America","2015","Total","Male","0","Estimate - de jure","Final figure, complete","2016","2035134","1,2"
"United States of America","2015","Total","Male","0 - 4","Estimate - de jure","Final figure, complete","2016","10177601","1,2"
"United States of America","2015","Total","Male","1","Estimate - de jure","Final figure, complete","2016","2029295","1,2"
"United States of America","2015","Total","Male","1 - 4","Estimate - de jure","Final figure, complete","2016","8142467","1,2"
"United States of America","2015","Total","Male","2","Estimate - de jure","Final figure, complete","2016","2026604","1,2"
"United States of America","2015","Total","Male","3","Estimate - de jure","Final figure, complete","2016","2030644","1,2"
"United States of America","2015","Total","Male","4","Estimate - de jure","Final figure, complete","2016","2055924","1,2"
"United States of America","2015","Total","Male","5","Estimate - de jure","Final figure, complete","2016","2050848","1,2"
"United States of America","2015","Total","Male","5 - 9","Estimate - de jure","Final figure, complete","2016","10459132","1,2"
"United States of America","2015","Total","Male","6","Estimate - de jure","Final figure, complete","2016","2050663","1,2"
"United States of America","2015","Total","Male","7","Estimate - de jure","Final figure, complete","2016","2117118","1,2"
"United States of America","2015","Total","Male","8","Estimate - de jure","Final figure, complete","2016","2128825","1,2"
"United States of America","2015","Total","Male","9","Estimate - de jure","Final figure, complete","2016","2111678","1,2"
"United States of America","2015","Total","Male","10","Estimate - de jure","Final figure, complete","2016","2103943","1,2"
"United States of America","2015","Total","Male","10 - 14","Estimate - de jure","Final figure, complete","2016","10520388","1,2"
"United States of America","2015","Total","Male","11","Estimate - de jure","Final figure, complete","2016","2106742","1,2"
"United States of America","2015","Total","Male","12","Estimate - de jure","Final figure, complete","2016","2090780","1,2"
"United States of America","2015","Total","Male","13","Estimate - de jure","Final figure, complete","2016","2082704","1,2"
"United States of America","2015","Total","Male","14","Estimate - de jure","Final figure, complete","2016","2136219","1,2"
"United States of America","2015","Total","Male","15","Estimate - de jure","Final figure, complete","2016","2172989","1,2"
"United States of America","2015","Total","Male","15 - 19","Estimate - de jure","Final figure, complete","2016","10797867","1,2"
"United States of America","2015","Total","Male","16","Estimate - de jure","Final figure, complete","2016","2139271","1,2"
"United States of America","2015","Total","Male","17","Estimate - de jure","Final figure, complete","2016","2145174","1,2"
"United States of America","2015","Total","Male","18","Estimate - de jure","Final figure, complete","2016","2156041","1,2"
"United States of America","2015","Total","Male","19","Estimate - de jure","Final figure, complete","2016","2184392","1,2"
"United States of America","2015","Total","Male","20","Estimate - de jure","Final figure, complete","2016","2240373","1,2"
"United States of America","2015","Total","Male","20 - 24","Estimate - de jure","Final figure, complete","2016","11667854","1,2"
"United States of America","2015","Total","Male","21","Estimate - de jure","Final figure, complete","2016","2290006","1,2"
"United States of America","2015","Total","Male","22","Estimate - de jure","Final figure, complete","2016","2331696","1,2"
"United States of America","2015","Total","Male","23","Estimate - de jure","Final figure, complete","2016","2387842","1,2"
"United States of America","2015","Total","Male","24","Estimate - de jure","Final figure, complete","2016","2417937","1,2"
"United States of America","2015","Total","Male","25","Estimate - de jure","Final figure, complete","2016","2407515","1,2"
"United States of America","2015","Total","Male","25 - 29","Estimate - de jure","Final figure, complete","2016","11409399","1,2"
"United States of America","2015","Total","Male","26","Estimate - de jure","Final figure, complete","2016","2310983","1,2"
"United States of America","2015","Total","Male","27","Estimate - de jure","Final figure, complete","2016","2254603","1,2"
"United States of America","2015","Total","Male","28","Estimate - de jure","Final figure, complete","2016","2214738","1,2"
"United States of America","2015","Total","Male","29","Estimate - de jure","Final figure, complete","2016","2221560","1,2"
"United States of America","2015","Total","Male","30","Estimate - de jure","Final figure, complete","2016","2231463","1,2"
"United States of America","2015","Total","Male","30 - 34","Estimate - de jure","Final figure, complete","2016","10889739","1,2"
"United States of America","2015","Total","Male","31","Estimate - de jure","Final figure, complete","2016","2152765","1,2"
"United States of America","2015","Total","Male","32","Estimate - de jure","Final figure, complete","2016","2181163","1,2"
"United States of America","2015","Total","Male","33","Estimate - de jure","Final figure, complete","2016","2175631","1,2"
"United States of America","2015","Total","Male","34","Estimate - de jure","Final figure, complete","2016","2148717","1,2"
"United States of America","2015","Total","Male","35","Estimate - de jure","Final figure, complete","2016","2199270","1,2"
"United States of America","2015","Total","Male","35 - 39","Estimate - de jure","Final figure, complete","2016","10173424","1,2"
"United States of America","2015","Total","Male","36","Estimate - de jure","Final figure, complete","2016","2053297","1,2"
"United States of America","2015","Total","Male","37","Estimate - de jure","Final figure, complete","2016","2010463","1,2"
"United States of America","2015","Total","Male","38","Estimate - de jure","Final figure, complete","2016","1983816","1,2"
"United States of America","2015","Total","Male","39","Estimate - de jure","Final figure, complete","2016","1926578","1,2"
"United States of America","2015","Total","Male","40","Estimate - de jure","Final figure, complete","2016","1989213","1,2"
"United States of America","2015","Total","Male","40 - 44","Estimate - de jure","Final figure, complete","2016","10030153","1,2"
"United States of America","2015","Total","Male","41","Estimate - de jure","Final figure, complete","2016","1919064","1,2"
"United States of America","2015","Total","Male","42","Estimate - de jure","Final figure, complete","2016","1942311","1,2"
"United States of America","2015","Total","Male","43","Estimate - de jure","Final figure, complete","2016","2032362","1,2"
"United States of America","2015","Total","Male","44","Estimate - de jure","Final figure, complete","2016","2147203","1,2"
"United States of America","2015","Total","Male","45","Estimate - de jure","Final figure, complete","2016","2182484","1,2"
"United States of America","2015","Total","Male","45 - 49","Estimate - de jure","Final figure, complete","2016","10334929","1,2"
"United States of America","2015","Total","Male","46","Estimate - de jure","Final figure, complete","2016","2064898","1,2"
"United States of America","2015","Total","Male","47","Estimate - de jure","Final figure, complete","2016","2019602","1,2"
"United States of America","2015","Total","Male","48","Estimate - de jure","Final figure, complete","2016","2015073","1,2"
"United States of America","2015","Total","Male","49","Estimate - de jure","Final figure, complete","2016","2052872","1,2"
"United States of America","2015","Total","Male","50","Estimate - de jure","Final figure, complete","2016","2173002","1,2"
"United States of America","2015","Total","Male","50 - 54","Estimate - de jure","Final figure, complete","2016","10963847","1,2"
"United States of America","2015","Total","Male","51","Estimate - de jure","Final figure, complete","2016","2202725","1,2"
"United States of America","2015","Total","Male","52","Estimate - de jure","Final figure, complete","2016","2195088","1,2"
"United States of America","2015","Total","Male","53","Estimate - de jure","Final figure, complete","2016","2186448","1,2"
"United States of America","2015","Total","Male","54","Estimate - de jure","Final figure, complete","2016","2206584","1,2"
"United States of America","2015","Total","Male","55","Estimate - de jure","Final figure, complete","2016","2228498","1,2"
"United States of America","2015","Total","Male","55 - 59","Estimate - de jure","Final figure, complete","2016","10597567","1,2"
"United States of America","2015","Total","Male","56","Estimate - de jure","Final figure, complete","2016","2143285","1,2"
"United States of America","2015","Total","Male","57","Estimate - de jure","Final figure, complete","2016","2124551","1,2"
"United States of America","2015","Total","Male","58","Estimate - de jure","Final figure, complete","2016","2092228","1,2"
"United States of America","2015","Total","Male","59","Estimate - de jure","Final figure, complete","2016","2009005","1,2"
"United States of America","2015","Total","Male","60","Estimate - de jure","Final figure, complete","2016","1987008","1,2"
"United States of America","2015","Total","Male","60 - 64","Estimate - de jure","Final figure, complete","2016","9117180","1,2"
"United States of America","2015","Total","Male","61","Estimate - de jure","Final figure, complete","2016","1893657","1,2"
"United States of America","2015","Total","Male","62","Estimate - de jure","Final figure, complete","2016","1815914","1,2"
"United States of America","2015","Total","Male","63","Estimate - de jure","Final figure, complete","2016","1741514","1,2"
"United States of America","2015","Total","Male","64","Estimate - de jure","Final figure, complete","2016","1679087","1,2"
"United States of America","2015","Total","Male","65","Estimate - de jure","Final figure, complete","2016","1637936","1,2"
"United States of America","2015","Total","Male","65 - 69","Estimate - de jure","Final figure, complete","2016","7596190","1,2"
"United States of America","2015","Total","Male","66","Estimate - de jure","Final figure, complete","2016","1583339","1,2"
"United States of America","2015","Total","Male","67","Estimate - de jure","Final figure, complete","2016","1562960","1,2"
"United States of America","2015","Total","Male","68","Estimate - de jure","Final figure, complete","2016","1623929","1,2"
"United States of America","2015","Total","Male","69","Estimate - de jure","Final figure, complete","2016","1188026","1,2"
"United States of America","2015","Total","Male","70","Estimate - de jure","Final figure, complete","2016","1162672","1,2"
"United States of America","2015","Total","Male","70 - 74","Estimate - de jure","Final figure, complete","2016","5296158","1,2"
"United States of America","2015","Total","Male","71","Estimate - de jure","Final figure, complete","2016","1123102","1,2"
"United States of America","2015","Total","Male","72","Estimate - de jure","Final figure, complete","2016","1140651","1,2"
"United States of America","2015","Total","Male","73","Estimate - de jure","Final figure, complete","2016","983641","1,2"
"United States of America","2015","Total","Male","74","Estimate - de jure","Final figure, complete","2016","886092","1,2"
"United States of America","2015","Total","Male","75","Estimate - de jure","Final figure, complete","2016","829659","1,2"
"United States of America","2015","Total","Male","75 - 79","Estimate - de jure","Final figure, complete","2016","3610906","1,2"
"United States of America","2015","Total","Male","76","Estimate - de jure","Final figure, complete","2016","774758","1,2"
"United States of America","2015","Total","Male","77","Estimate - de jure","Final figure, complete","2016","728549","1,2"
"United States of America","2015","Total","Male","78","Estimate - de jure","Final figure, complete","2016","659853","1,2"
"United States of America","2015","Total","Male","79","Estimate - de jure","Final figure, complete","2016","618087","1,2"
"United States of America","2015","Total","Male","80","Estimate - de jure","Final figure, complete","2016","578240","1,2"
"United States of America","2015","Total","Male","80 - 84","Estimate - de jure","Final figure, complete","2016","2412665","1,2"
"United States of America","2015","Total","Male","81","Estimate - de jure","Final figure, complete","2016","507988","1,2"
"United States of America","2015","Total","Male","82","Estimate - de jure","Final figure, complete","2016","477629","1,2"
"United States of America","2015","Total","Male","83","Estimate - de jure","Final figure, complete","2016","442175","1,2"
"United States of America","2015","Total","Male","84","Estimate - de jure","Final figure, complete","2016","406633","1,2"
"United States of America","2015","Total","Male","85","Estimate - de jure","Final figure, complete","2016","374382","1,2"
"United States of America","2015","Total","Male","85 - 89","Estimate - de jure","Final figure, complete","2016","1442244","1,2"
"United States of America","2015","Total","Male","86","Estimate - de jure","Final figure, complete","2016","323518","1,2"
"United States of America","2015","Total","Male","87","Estimate - de jure","Final figure, complete","2016","287383","1,2"
"United States of America","2015","Total","Male","88","Estimate - de jure","Final figure, complete","2016","248876","1,2"
"United States of America","2015","Total","Male","89","Estimate - de jure","Final figure, complete","2016","208085","1,2"
"United States of America","2015","Total","Male","90","Estimate - de jure","Final figure, complete","2016","175479","1,2"
"United States of America","2015","Total","Male","90 - 94","Estimate - de jure","Final figure, complete","2016","588978","1,2"
"United States of America","2015","Total","Male","91","Estimate - de jure","Final figure, complete","2016","142870","1,2"
"United States of America","2015","Total","Male","92","Estimate - de jure","Final figure, complete","2016","113834","1,2"
"United States of America","2015","Total","Male","93","Estimate - de jure","Final figure, complete","2016","88660","1,2"
"United States of America","2015","Total","Male","94","Estimate - de jure","Final figure, complete","2016","68135","1,2"
"United States of America","2015","Total","Male","95","Estimate - de jure","Final figure, complete","2016","48015","1,2"
"United States of America","2015","Total","Male","95 - 99","Estimate - de jure","Final figure, complete","2016","127988","1,2"
"United States of America","2015","Total","Male","96","Estimate - de jure","Final figure, complete","2016","32585","1,2"
"United States of America","2015","Total","Male","97","Estimate - de jure","Final figure, complete","2016","23092","1,2"
"United States of America","2015","Total","Male","98","Estimate - de jure","Final figure, complete","2016","14719","1,2"
"United States of America","2015","Total","Male","99","Estimate - de jure","Final figure, complete","2016","9577","1,2"
"United States of America","2015","Total","Male","100 +","Estimate - de jure","Final figure, complete","2016","15088","1,2"
"United States of America","2015","Total","Female","Total","Estimate - de jure","Final figure, complete","2016","163189523","1,2"
"United States of America","2015","Total","Female","0","Estimate - de jure","Final figure, complete","2016","1942904","1,2"
"United States of America","2015","Total","Female","0 - 4","Estimate - de jure","Final figure, complete","2016","9729680","1,2"
"United States of America","2015","Total","Female","1","Estimate - de jure","Final figure, complete","2016","1939269","1,2"
"United States of America","2015","Total","Female","1 - 4","Estimate - de jure","Final figure, complete","2016","7786776","1,2"
"United States of America","2015","Total","Female","2","Estimate - de jure","Final figure, complete","2016","1939979","1,2"
"United States of America","2015","Total","Female","3","Estimate - de jure","Final figure, complete","2016","1943417","1,2"
"United States of America","2015","Total","Female","4","Estimate - de jure","Final figure, complete","2016","1964111","1,2"
"United States of America","2015","Total","Female","5","Estimate - de jure","Final figure, complete","2016","1967310","1,2"
"United States of America","2015","Total","Female","5 - 9","Estimate - de jure","Final figure, complete","2016","10028044","1,2"
"United States of America","2015","Total","Female","6","Estimate - de jure","Final figure, complete","2016","1968544","1,2"
"United States of America","2015","Total","Female","7","Estimate - de jure","Final figure, complete","2016","2031242","1,2"
"United States of America","2015","Total","Female","8","Estimate - de jure","Final figure, complete","2016","2039062","1,2"
"United States of America","2015","Total","Female","9","Estimate - de jure","Final figure, complete","2016","2021886","1,2"
"United States of America","2015","Total","Female","10","Estimate - de jure","Final figure, complete","2016","2017346","1,2"
"United States of America","2015","Total","Female","10 - 14","Estimate - de jure","Final figure, complete","2016","10101942","1,2"
"United States of America","2015","Total","Female","11","Estimate - de jure","Final figure, complete","2016","2023586","1,2"
"United States of America","2015","Total","Female","12","Estimate - de jure","Final figure, complete","2016","2010241","1,2"
"United States of America","2015","Total","Female","13","Estimate - de jure","Final figure, complete","2016","2001602","1,2"
"United States of America","2015","Total","Female","14","Estimate - de jure","Final figure, complete","2016","2049167","1,2"
"United States of America","2015","Total","Female","15","Estimate - de jure","Final figure, complete","2016","2076753","1,2"
"United States of America","2015","Total","Female","15 - 19","Estimate - de jure","Final figure, complete","2016","10311036","1,2"
"United States of America","2015","Total","Female","16","Estimate - de jure","Final figure, complete","2016","2045025","1,2"
"United States of America","2015","Total","Female","17","Estimate - de jure","Final figure, complete","2016","2049112","1,2"
"United States of America","2015","Total","Female","18","Estimate - de jure","Final figure, complete","2016","2061954","1,2"
"United States of America","2015","Total","Female","19","Estimate - de jure","Final figure, complete","2016","2078192","1,2"
"United States of America","2015","Total","Female","20","Estimate - de jure","Final figure, complete","2016","2123067","1,2"
"United States of America","2015","Total","Female","20 - 24","Estimate - de jure","Final figure, complete","2016","11071459","1,2"
"United States of America","2015","Total","Female","21","Estimate - de jure","Final figure, complete","2016","2166784","1,2"
"United States of America","2015","Total","Female","22","Estimate - de jure","Final figure, complete","2016","2197776","1,2"
"United States of America","2015","Total","Female","23","Estimate - de jure","Final figure, complete","2016","2264424","1,2"
"United States of America","2015","Total","Female","24","Estimate - de jure","Final figure, complete","2016","2319408","1,2"
"United States of America","2015","Total","Female","25","Estimate - de jure","Final figure, complete","2016","2322049","1,2"
"United States of America","2015","Total","Female","25 - 29","Estimate - de jure","Final figure, complete","2016","11052155","1,2"
"United States of America","2015","Total","Female","26","Estimate - de jure","Final figure, complete","2016","2233433","1,2"
"United States of America","2015","Total","Female","27","Estimate - de jure","Final figure, complete","2016","2185163","1,2"
"United States of America","2015","Total","Female","28","Estimate - de jure","Final figure, complete","2016","2149931","1,2"
"United States of America","2015","Total","Female","29","Estimate - de jure","Final figure, complete","2016","2161579","1,2"
"United States of America","2015","Total","Female","30","Estimate - de jure","Final figure, complete","2016","2185746","1,2"
"United States of America","2015","Total","Female","30 - 34","Estimate - de jure","Final figure, complete","2016","10785909","1,2"
"United States of America","2015","Total","Female","31","Estimate - de jure","Final figure, complete","2016","2125468","1,2"
"United States of America","2015","Total","Female","32","Estimate - de jure","Final figure, complete","2016","2162451","1,2"
"United States of America","2015","Total","Female","33","Estimate - de jure","Final figure, complete","2016","2166123","1,2"
"United States of America","2015","Total","Female","34","Estimate - de jure","Final figure, complete","2016","2146121","1,2"
"United States of America","2015","Total","Female","35","Estimate - de jure","Final figure, complete","2016","2180134","1,2"
"United States of America","2015","Total","Female","35 - 39","Estimate - de jure","Final figure, complete","2016","10201161","1,2"
"United States of America","2015","Total","Female","36","Estimate - de jure","Final figure, complete","2016","2055478","1,2"
"United States of America","2015","Total","Female","37","Estimate - de jure","Final figure, complete","2016","2017940","1,2"
"United States of America","2015","Total","Female","38","Estimate - de jure","Final figure, complete","2016","2003325","1,2"
"United States of America","2015","Total","Female","39","Estimate - de jure","Final figure, complete","2016","1944284","1,2"
"United States of America","2015","Total","Female","40","Estimate - de jure","Final figure, complete","2016","2000626","1,2"
"United States of America","2015","Total","Female","40 - 44","Estimate - de jure","Final figure, complete","2016","10185045","1,2"
"United States of America","2015","Total","Female","41","Estimate - de jure","Final figure, complete","2016","1946164","1,2"
"United States of America","2015","Total","Female","42","Estimate - de jure","Final figure, complete","2016","1981947","1,2"
"United States of America","2015","Total","Female","43","Estimate - de jure","Final figure, complete","2016","2068346","1,2"
"United States of America","2015","Total","Female","44","Estimate - de jure","Final figure, complete","2016","2187962","1,2"
"United States of America","2015","Total","Female","45","Estimate - de jure","Final figure, complete","2016","2206861","1,2"
"United States of America","2015","Total","Female","45 - 49","Estimate - de jure","Final figure, complete","2016","10518915","1,2"
"United States of America","2015","Total","Female","46","Estimate - de jure","Final figure, complete","2016","2095675","1,2"
"United States of America","2015","Total","Female","47","Estimate - de jure","Final figure, complete","2016","2054083","1,2"
"United States of America","2015","Total","Female","48","Estimate - de jure","Final figure, complete","2016","2062616","1,2"
"United States of America","2015","Total","Female","49","Estimate - de jure","Final figure, complete","2016","2099680","1,2"
"United States of America","2015","Total","Female","50","Estimate - de jure","Final figure, complete","2016","2227286","1,2"
"United States of America","2015","Total","Female","50 - 54","Estimate - de jure","Final figure, complete","2016","11370470","1,2"
"United States of America","2015","Total","Female","51","Estimate - de jure","Final figure, complete","2016","2276939","1,2"
"United States of America","2015","Total","Female","52","Estimate - de jure","Final figure, complete","2016","2279256","1,2"
"United States of America","2015","Total","Female","53","Estimate - de jure","Final figure, complete","2016","2277046","1,2"
"United States of America","2015","Total","Female","54","Estimate - de jure","Final figure, complete","2016","2309943","1,2"
"United States of America","2015","Total","Female","55","Estimate - de jure","Final figure, complete","2016","2324887","1,2"
"United States of America","2015","Total","Female","55 - 59","Estimate - de jure","Final figure, complete","2016","11210375","1,2"
"United States of America","2015","Total","Female","56","Estimate - de jure","Final figure, complete","2016","2255835","1,2"
"United States of America","2015","Total","Female","57","Estimate - de jure","Final figure, complete","2016","2246694","1,2"
"United States of America","2015","Total","Female","58","Estimate - de jure","Final figure, complete","2016","2228294","1,2"
"United States of America","2015","Total","Female","59","Estimate - de jure","Final figure, complete","2016","2154665","1,2"
"United States of America","2015","Total","Female","60","Estimate - de jure","Final figure, complete","2016","2138784","1,2"
"United States of America","2015","Total","Female","60 - 64","Estimate - de jure","Final figure, complete","2016","9952697","1,2"
"United States of America","2015","Total","Female","61","Estimate - de jure","Final figure, complete","2016","2060944","1,2"
"United States of America","2015","Total","Female","62","Estimate - de jure","Final figure, complete","2016","1986021","1,2"
"United States of America","2015","Total","Female","63","Estimate - de jure","Final figure, complete","2016","1909879","1,2"
"United States of America","2015","Total","Female","64","Estimate - de jure","Final figure, complete","2016","1857069","1,2"
"United States of America","2015","Total","Female","65","Estimate - de jure","Final figure, complete","2016","1812107","1,2"
"United States of America","2015","Total","Female","65 - 69","Estimate - de jure","Final figure, complete","2016","8471278","1,2"
"United States of America","2015","Total","Female","66","Estimate - de jure","Final figure, complete","2016","1760795","1,2"
"United States of America","2015","Total","Female","67","Estimate - de jure","Final figure, complete","2016","1741227","1,2"
"United States of America","2015","Total","Female","68","Estimate - de jure","Final figure, complete","2016","1812428","1,2"
"United States of America","2015","Total","Female","69","Estimate - de jure","Final figure, complete","2016","1344721","1,2"
"United States of America","2015","Total","Female","70","Estimate - de jure","Final figure, complete","2016","1329818","1,2"
"United States of America","2015","Total","Female","70 - 74","Estimate - de jure","Final figure, complete","2016","6186891","1,2"
"United States of America","2015","Total","Female","71","Estimate - de jure","Final figure, complete","2016","1298089","1,2"
"United States of America","2015","Total","Female","72","Estimate - de jure","Final figure, complete","2016","1328954","1,2"
"United States of America","2015","Total","Female","73","Estimate - de jure","Final figure, complete","2016","1162411","1,2"
"United States of America","2015","Total","Female","74","Estimate - de jure","Final figure, complete","2016","1067619","1,2"
"United States of America","2015","Total","Female","75","Estimate - de jure","Final figure, complete","2016","1010164","1,2"
"United States of America","2015","Total","Female","75 - 79","Estimate - de jure","Final figure, complete","2016","4512927","1,2"
"United States of America","2015","Total","Female","76","Estimate - de jure","Final figure, complete","2016","947283","1,2"
"United States of America","2015","Total","Female","77","Estimate - de jure","Final figure, complete","2016","910536","1,2"
"United States of America","2015","Total","Female","78","Estimate - de jure","Final figure, complete","2016","840960","1,2"
"United States of America","2015","Total","Female","79","Estimate - de jure","Final figure, complete","2016","803984","1,2"
"United States of America","2015","Total","Female","80","Estimate - de jure","Final figure, complete","2016","772956","1,2"
"United States of America","2015","Total","Female","80 - 84","Estimate - de jure","Final figure, complete","2016","3386676","1,2"
"United States of America","2015","Total","Female","81","Estimate - de jure","Final figure, complete","2016","693056","1,2"
"United States of America","2015","Total","Female","82","Estimate - de jure","Final figure, complete","2016","671319","1,2"
"United States of America","2015","Total","Female","83","Estimate - de jure","Final figure, complete","2016","640387","1,2"
"United States of America","2015","Total","Female","84","Estimate - de jure","Final figure, complete","2016","608958","1,2"
"United States of America","2015","Total","Female","85","Estimate - de jure","Final figure, complete","2016","582641","1,2"
"United States of America","2015","Total","Female","85 - 89","Estimate - de jure","Final figure, complete","2016","2422101","1,2"
"United States of America","2015","Total","Female","86","Estimate - de jure","Final figure, complete","2016","522563","1,2"
"United States of America","2015","Total","Female","87","Estimate - de jure","Final figure, complete","2016","487256","1,2"
"United States of America","2015","Total","Female","88","Estimate - de jure","Final figure, complete","2016","440879","1,2"
"United States of America","2015","Total","Female","89","Estimate - de jure","Final figure, complete","2016","388762","1,2"
"United States of America","2015","Total","Female","90","Estimate - de jure","Final figure, complete","2016","347555","1,2"
"United States of America","2015","Total","Female","90 - 94","Estimate - de jure","Final figure, complete","2016","1261957","1,2"
"United States of America","2015","Total","Female","91","Estimate - de jure","Final figure, complete","2016","297448","1,2"
"United States of America","2015","Total","Female","92","Estimate - de jure","Final figure, complete","2016","246825","1,2"
"United States of America","2015","Total","Female","93","Estimate - de jure","Final figure, complete","2016","205146","1,2"
"United States of America","2015","Total","Female","94","Estimate - de jure","Final figure, complete","2016","164983","1,2"
"United States of America","2015","Total","Female","95","Estimate - de jure","Final figure, complete","2016","125996","1,2"
"United States of America","2015","Total","Female","95 - 99","Estimate - de jure","Final figure, complete","2016","366919","1,2"
"United States of America","2015","Total","Female","96","Estimate - de jure","Final figure, complete","2016","90302","1,2"
"United States of America","2015","Total","Female","97","Estimate - de jure","Final figure, complete","2016","69285","1,2"
"United States of America","2015","Total","Female","98","Estimate - de jure","Final figure, complete","2016","47272","1,2"
"United States of America","2015","Total","Female","99","Estimate - de jure","Final figure, complete","2016","34064","1,2"
"United States of America","2015","Total","Female","100 +","Estimate - de jure","Final figure, complete","2016","61886","1,2"

"footnoteSeqID","Footnote"
"1","Excluding U.S. Armed Forces overseas and civilian U.S. citizens whose usual place of residence is outside the United States."
"2","Postcensal estimates."
